pooling,dim,f1_macro_mean,f1_macro_std
layer 6 (middle),768,0.3013368113368113,0.06094434118619324
"concat(6,12)",1536,0.26614718614718613,0.06335753172990012
layer 9,768,0.24694694194694194,0.06923904103011112
mean(all 13),768,0.23985671735671735,0.07169491457971017
"late3 mean(10,11,12)",768,0.22452972952972955,0.039079541544044576
last layer (12),768,0.21576386576386578,0.048881393958035924
layer 3 (early),768,0.2136820586820587,0.030341798002530146
