comparison,CKA_linear,RSA_spearman,Procrustes_R2,gen_shape,spec_shape
audio: ImageBind vs MERT,0.5507522225379944,0.41442252721383593,-1.2108197212219238,"(150, 1024)","(150, 768)"
image: ImageBind vs CLIP,0.7562715411186218,0.3482693449600418,0.8068599700927734,"(150, 1024)","(150, 512)"
text:  ImageBind vs CLAP,0.45622485876083374,0.3998344912113398,0.345131516456604,"(150, 1024)","(150, 512)"
